PRAGMA foreign_keys = on;

--Table Pessoa
INSERT INTO Pessoa (idPessoa,nome,dataNascimento,morada,mail,telefone) 
	VALUES (1,'Agatha Fernandes Bezerril', '1980-05-30','Avenida Comendador Augusto Martins Pereira 3744-002', 'mitchc2@icnwte.com', '917385638');
INSERT INTO Pessoa (idPessoa,nome,dataNascimento,morada,mail,telefone) 
	VALUES (2,'Filipe Robalinho Picão', '1999-08-01','Avenida do Mar Vale de Lobo 8136-864 Almancil', 'vocalxab@melowsa.com', '938563829');
INSERT INTO Pessoa (idPessoa,nome,dataNascimento,morada,mail,telefone) 
	VALUES (3,'Edgar MontAlverne Carmona', '2001-11-06','Avenida de Ceuta Electro Atlântico 1070-005 Lisboa', 'antaevol@hasevo.com', '967836482');
INSERT INTO Pessoa (idPessoa,nome,dataNascimento,morada,mail,telefone) 
	VALUES (4,'Ariel Negrão Jobim', '2010-10-24','7320-207 Quinta Santo António', 'albrechtbrand@oanbeeg.com', '917536845');
INSERT INTO Pessoa (idPessoa,nome,dataNascimento,morada,mail,telefone) 
	VALUES (5,'Yi Dourado Parente', '1974-04-25','2025-154 Coutada de Cima', 'digital45@halumail.com', '937483645');
INSERT INTO Pessoa (idPessoa,nome,dataNascimento,morada,mail,telefone) 
	VALUES (6, 'Maira Rijo Canela', '1953-12-27','Largo Veiga 4930-005 Arão', 'vanozina@newshnb.com', '917368462');
INSERT INTO Pessoa (idPessoa,nome,dataNascimento,morada,mail,telefone) 
	VALUES (7, 'Liliana Vargas Alves', '2003-04-30','Estrada Padre Alfredo Vieira Freitas 9100-005 Gaula','indeclub@casanovalar.com','937849274');
INSERT INTO Pessoa (idPessoa,nome,dataNascimento,morada,mail,telefone) 
	VALUES (8, 'Tamára França Anjos', '2002-04-03','Largo dos Remédios 9701-855 Angra do Heroísmo', 'jackson2007@gmailwe.com', '918463874');
INSERT INTO Pessoa (idPessoa,nome,dataNascimento,morada,mail,telefone) 
	VALUES (9, 'Salomé Olaio Galindo', '1982-07-29', 'Rua do Jogo da Bola 9980-002 Corvo', 'aes1986@clairineclay.art', '932548512');
INSERT INTO Pessoa (idPessoa,nome,dataNascimento,morada,mail,telefone) 
	VALUES (10, 'Teresa Carlos Lagos', '2002-11-15', 'Estrada Regional 1- 2ª 9950-125 Candelária', 'ekaneonu@greendike.com', '925330197');
INSERT INTO Pessoa (idPessoa,nome,dataNascimento,morada,mail,telefone) 
	VALUES (11, 'Julia Milheirão Linhares', '1971-09-05', 'Rua do Sagrado 5210-127 Ifanes', 'kalannaaraja@casanovalar.com', '965844157');
INSERT INTO Pessoa (idPessoa,nome,dataNascimento,morada,mail,telefone)
	VALUES (12, 'Josefa Sequeira Amarante', '2008-06-17', 'Rua Ana Pereira Piscalho 2090-004 Alpiarça', 'alavign@litg.site', '9120011254');
INSERT INTO Pessoa (idPessoa,nome,dataNascimento,morada,mail,telefone) 
	VALUES (13, 'Evelina Simas Monteiro', '1986-10-13', 'Quinta da Senhora da Ribeira 3550-102 Penalva do Castelo', 'chuck34gboro@ucyeh.com' ,'9654122036');
INSERT INTO Pessoa (idPessoa,nome,dataNascimento,morada,mail,telefone) 
	VALUES (14, 'Maurício Saloio Fazendeiro', '2005-02-29', '1ª Travessa de São Sebastião 3060-006 Ançã', 'originas@perirh.com', '935478226');
INSERT INTO Pessoa (idPessoa,nome,dataNascimento,morada,mail,telefone) 
	VALUES (15, 'Erika Camelo Fernandes', '1996-12-01', 'Rua Nuno Alvares Pereira 7100-459 Estremoz', 'gundamraven30@nicelistbook.site', '913547892');
INSERT INTO Pessoa (idPessoa,nome,dataNascimento,morada,mail,telefone) 
	VALUES (16,'Inês Gusmão Gabeira', '2000-12-30', 'Escadinhas Albano Fonseca 6285-107 Vide', 'talgatbimendin@nakiuha.com', '910602928') ;
INSERT INTO Pessoa (idPessoa,nome,dataNascimento,morada,mail,telefone) 
	VALUES (17, 'Armando Moura Serro', '1970-03-27', 'Rua Vale Linhoso 6A 2819-502 Sobreda', 'strashkov@fortressfinancial.com', '910602986');
INSERT INTO Pessoa (idPessoa,nome,dataNascimento,morada,mail,telefone) 
	VALUES (18, 'Kira Carreira Rico', '1988-02-29', '4940-132 Cossourado', 'reol@kangsohang.com', '923262022');
INSERT INTO Pessoa (idPessoa,nome,dataNascimento,morada,mail,telefone) 
	VALUES (19, 'Jonata Moutinho Pedro', '1976-03-19', 'Rua da Escola Espinho 4715-425 Braga', 's163061@filesa.site', '920394199');
INSERT INTO Pessoa (idPessoa,nome,dataNascimento,morada,mail,telefone) 
	VALUES (20, 'Rosário Godinho Ferreira', '1950-06-20', 'Rua António Patrício 262 4199-001 Porto', 'pedro97@mobilekeiki.com', '920956755');
INSERT INTO Pessoa (idPessoa,nome,dataNascimento,morada,mail,telefone) 
	VALUES (21, 'Elisabete Cavadas Caldas', '1940-06-20', '3750-303 Ameal', 'fedestrike@melowsa.com', '930565376');
INSERT INTO Pessoa (idPessoa,nome,dataNascimento,morada,mail,telefone) 
	VALUES (22, 'Gusttavo Xavier Campelo', '1999-10-10', 'Rua do Outeiro 9630-005 Achadinha', 'auroraangels@gmailvn.net', '920534472');
INSERT INTO Pessoa (idPessoa,nome,dataNascimento,morada,mail,telefone) 
	VALUES (23, 'Raj Simões Grangeia', '1979-07-13', 'Rua das Telecomunicações 6 8201-870 Albufeira', 'npolyakov@x4u.me', '913715673');
INSERT INTO Pessoa (idPessoa,nome,dataNascimento,morada,mail,telefone) 
	VALUES (24, 'Ion Mieiro França', '1985-03-31', '2140-180 Convento de Santo António', 'roman81@apklitestore.com', '920262038');
INSERT INTO Pessoa (idPessoa,nome,dataNascimento,morada,mail,telefone) 
	VALUES (25, 'João António Silva dos Pecados', '1969-06-09', '9960-110 Fajãzinha', 'joaozinhodospecados@hotmail.com', '936411900');
INSERT INTO Pessoa (idPessoa,nome,dataNascimento,morada,mail,telefone) 
	VALUES (26, 'Danilo Esteves Paião', '1992-09-06', '9880-303 Bom Jesus', 'yak81@casanovalar.com', '913715659');
INSERT INTO Pessoa (idPessoa,nome,dataNascimento,morada,mail,telefone) 
	VALUES (27, 'Cândida Barreto Figueiroa', '1983-01-14', 'Travessa Santo Cristo 5225-152 Sendim', 'dhoh@virginiaintel.com', '960569715');
INSERT INTO Pessoa (idPessoa,nome,dataNascimento,morada,mail,telefone) 
	VALUES (28, 'Nina Sequeira Mendonça', '2003-05-30', 'Travessa da Picha 5450-343 Vreia De Jales', 'natalimias@mobilekeiki.com', '920366933');
INSERT INTO Pessoa (idPessoa,nome,dataNascimento,morada,mail,telefone) 
	VALUES (29, 'Mellyssa Tavares Quintanilha', '1976-11-08', 'Rua dos Bombeiros Voluntários 2460-009 Alcobaça', 'matamune@hacktoy.com', '923276285');
INSERT INTO Pessoa (idPessoa,nome,dataNascimento,morada,mail,telefone) 
	VALUES (30, 'Alana Inês Nunes', '1980-02-01', '9675-009 Lagoa das Furnas', 'lachman15@accountsiteku.tech', '967945259');


--Table Cliente
INSERT INTO Cliente (idCliente, nib, nif) 
        VALUES (1, 003589537291846783526, 179021354);
INSERT INTO Cliente (idCliente, nib, nif) 
        VALUES (2, 009578536476238509852, 244156298);
INSERT INTO Cliente (idCliente, nib, nif) 
        VALUES (3, 001239765433456729876, 165245109);
INSERT INTO Cliente (idCliente, nib, nif) 
        VALUES (4, 004098173637272830102, 201937937);
INSERT INTO Cliente (idCliente, nib, nif) 
        VALUES (5, 009887662238487362733, 129328339);


--Table PostoEntrega
INSERT INTO PostoEntrega (idPostoEntrega, codigoPostal, morada) 
        VALUES (1, '4470-158', 'Travessa Doutor Carlos Pires Felgueiras'); 
INSERT INTO PostoEntrega (idPostoEntrega, codigoPostal, morada) 
        VALUES (2, '4460-794', '1ª Travessa da Rua de Trás'); 
INSERT INTO PostoEntrega (idPostoEntrega, codigoPostal, morada) 
        VALUES (3, '2646-901', 'Apartado 10, Alcabideche'); 
INSERT INTO PostoEntrega (idPostoEntrega, codigoPostal, morada) 
        VALUES (4, '3084-501', 'Avenida Saraiva de Carvalho'); 
INSERT INTO PostoEntrega (idPostoEntrega, codigoPostal, morada) 
        VALUES (5, '7340-002', 'Rua do Ronquilho'); 
INSERT INTO PostoEntrega (idPostoEntrega, codigoPostal, morada) 
        VALUES (6, '4445-273', 'Rua Cidade de Ermesinde');
INSERT INTO PostoEntrega (idPostoEntrega, codigoPostal, morada)  
        VALUES (7, '4904-882', 'Rua Santiago da Barra Viana do Castelo');
INSERT INTO PostoEntrega (idPostoEntrega, codigoPostal, morada)  
        VALUES (8, '1149-008', 'Avenida Infante Dom Henrique Lisboa');
INSERT INTO PostoEntrega (idPostoEntrega, codigoPostal, morada)  
        VALUES (9, '3140-564', 'Rua do Viseu');
INSERT INTO PostoEntrega (idPostoEntrega, codigoPostal, morada)  
        VALUES (10, '8000-316', 'Rua da Associação Oncológica do Algarve');


--Table Funcionario
INSERT INTO Funcionario (idFuncionario, salario) 
        VALUES (6, 1000);
INSERT INTO Funcionario (idFuncionario, salario) 
        VALUES (7, 1000);
INSERT INTO Funcionario (idFuncionario, salario) 
        VALUES (8, 800);
INSERT INTO Funcionario (idFuncionario, salario) 
        VALUES (9, 1300);
INSERT INTO Funcionario (idFuncionario, salario) 
        VALUES (10, 900);
INSERT INTO Funcionario (idFuncionario, salario) 
        VALUES (11, 1200);
INSERT INTO Funcionario (idFuncionario, salario) 
        VALUES (12, 1000);
INSERT INTO Funcionario (idFuncionario, salario) 
        VALUES (13, 1400);
INSERT INTO Funcionario (idFuncionario, salario) 
        VALUES (14, 1000);
INSERT INTO Funcionario (idFuncionario, salario) 
        VALUES (15, 1800);
INSERT INTO Funcionario (idFuncionario, salario) 
        VALUES (16, 950);
INSERT INTO Funcionario (idFuncionario, salario) 
        VALUES (17, 1000);
INSERT INTO Funcionario (idFuncionario, salario) 
        VALUES (18, 800);
INSERT INTO Funcionario (idFuncionario, salario) 
        VALUES (19, 1250);
INSERT INTO Funcionario (idFuncionario, salario) 
        VALUES (20, 900);
INSERT INTO Funcionario (idFuncionario, salario) 
        VALUES (21, 1600);
INSERT INTO Funcionario (idFuncionario, salario) 
        VALUES (22, 1500);
INSERT INTO Funcionario (idFuncionario, salario) 
        VALUES (23, 1800);
INSERT INTO Funcionario (idFuncionario, salario) 
        VALUES (24, 2000);
INSERT INTO Funcionario (idFuncionario, salario) 
        VALUES (25, 1800);
INSERT INTO Funcionario (idFuncionario, salario) 
        VALUES (26, 1600);
INSERT INTO Funcionario (idFuncionario, salario) 
        VALUES (27, 1300);
INSERT INTO Funcionario (idFuncionario, salario) 
        VALUES (28, 1800);
INSERT INTO Funcionario (idFuncionario, salario) 
        VALUES (29, 1300);
INSERT INTO Funcionario (idFuncionario, salario) 
        VALUES (30, 1900);

--Table OperadorPosto
INSERT INTO OperadorPosto (idOperadorPosto, idPostoEntrega)
         VALUES (6, 1);
INSERT INTO OperadorPosto (idOperadorPosto, idPostoEntrega)
         VALUES (7, 1);
INSERT INTO OperadorPosto (idOperadorPosto, idPostoEntrega)
         VALUES (8, 2);
INSERT INTO OperadorPosto (idOperadorPosto, idPostoEntrega)
         VALUES (9, 2);
INSERT INTO OperadorPosto (idOperadorPosto, idPostoEntrega)
         VALUES (10, 3);
INSERT INTO OperadorPosto (idOperadorPosto, idPostoEntrega)
         VALUES (11, 4);
INSERT INTO OperadorPosto (idOperadorPosto, idPostoEntrega)
         VALUES (12, 4);
INSERT INTO OperadorPosto (idOperadorPosto, idPostoEntrega)
         VALUES (13, 4);
INSERT INTO OperadorPosto (idOperadorPosto, idPostoEntrega)
         VALUES (14, 5);
INSERT INTO OperadorPosto (idOperadorPosto, idPostoEntrega)
         VALUES (15, 5);
INSERT INTO OperadorPosto (idOperadorPosto, idPostoEntrega)
         VALUES (16, 6);
INSERT INTO OperadorPosto (idOperadorPosto, idPostoEntrega)
         VALUES (17, 7);
INSERT INTO OperadorPosto (idOperadorPosto, idPostoEntrega)
         VALUES (18, 7);
INSERT INTO OperadorPosto (idOperadorPosto, idPostoEntrega)
         VALUES (19, 8);
INSERT INTO OperadorPosto (idOperadorPosto, idPostoEntrega)
         VALUES (20, 8);
INSERT INTO OperadorPosto (idOperadorPosto, idPostoEntrega)
         VALUES (21, 9);
INSERT INTO OperadorPosto (idOperadorPosto, idPostoEntrega)
         VALUES (22, 10);

--Table Horario
INSERT INTO Horario (idHorario, data, horaInicio, horaFim)  
        VALUES (1,'2021-12-04','14:00:00','17:00:00');
INSERT INTO Horario (idHorario, data, horaInicio, horaFim)  
        VALUES (2,'2021-12-05','09:00:00','12:00:00');
INSERT INTO Horario (idHorario, data, horaInicio, horaFim)  
        VALUES (3,'2021-12-06','09:00:00','17:00:00');
INSERT INTO Horario (idHorario, data, horaInicio, horaFim)  
        VALUES (4,'2021-12-07','09:00:00','17:00:00');
INSERT INTO Horario (idHorario, data, horaInicio, horaFim)  
        VALUES (5,'2021-12-08','09:00:00','17:00:00');
INSERT INTO Horario (idHorario, data, horaInicio, horaFim)  
        VALUES (6,'2021-12-09','09:00:00','17:00:00');
INSERT INTO Horario (idHorario, data, horaInicio, horaFim)  
        VALUES (7,'2021-12-10','09:00:00','17:00:00');
INSERT INTO Horario (idHorario, data, horaInicio, horaFim)  
        VALUES (8,'2021-12-12','09:00:00','12:00:00');
INSERT INTO Horario (idHorario, data, horaInicio, horaFim)  
        VALUES (9,'2021-12-13','09:00:00','17:00:00');
INSERT INTO Horario (idHorario, data, horaInicio, horaFim)  
        VALUES (10,'2021-12-06','09:00:00','11:00:00');
INSERT INTO Horario (idHorario, data, horaInicio, horaFim)  
        VALUES (11,'2021-12-06','15:00:00','18:00:00');
INSERT INTO Horario (idHorario, data, horaInicio, horaFim)  
        VALUES (12,'2021-12-07','11:00:00','16:30:00');
INSERT INTO Horario (idHorario, data, horaInicio, horaFim)  
        VALUES (13,'2021-12-08','09:00:00','11:00:00');
INSERT INTO Horario (idHorario, data, horaInicio, horaFim)  
        VALUES (14,'2021-12-08','13:00:00','16:00:00');
INSERT INTO Horario (idHorario, data, horaInicio, horaFim)  
        VALUES (15,'2021-12-08','20:00:00','22:00:00');

--Table HorarioOperadorPosto
INSERT INTO HorarioOperadorPosto (idOperador, idHorario)  
        VALUES (6,1);
INSERT INTO HorarioOperadorPosto (idOperador, idHorario)  
        VALUES (6,2);
INSERT INTO HorarioOperadorPosto (idOperador, idHorario)  
        VALUES (6,3);
INSERT INTO HorarioOperadorPosto (idOperador, idHorario)  
        VALUES (7,2);
INSERT INTO HorarioOperadorPosto (idOperador, idHorario)  
        VALUES (7,4);
INSERT INTO HorarioOperadorPosto (idOperador, idHorario)  
        VALUES (8,3);
INSERT INTO HorarioOperadorPosto (idOperador, idHorario)  
        VALUES (8,4);
INSERT INTO HorarioOperadorPosto (idOperador, idHorario)  
        VALUES (8,5);
INSERT INTO HorarioOperadorPosto (idOperador, idHorario)  
        VALUES (9,4);
INSERT INTO HorarioOperadorPosto (idOperador, idHorario)  
        VALUES (9,6);
INSERT INTO HorarioOperadorPosto (idOperador, idHorario)  
        VALUES (9,7);
INSERT INTO HorarioOperadorPosto (idOperador, idHorario)  
        VALUES (9,9);
INSERT INTO HorarioOperadorPosto (idOperador, idHorario)  
        VALUES (10,5);
INSERT INTO HorarioOperadorPosto (idOperador, idHorario)  
        VALUES (10,6);
INSERT INTO HorarioOperadorPosto (idOperador, idHorario)  
        VALUES (10,7);
INSERT INTO HorarioOperadorPosto (idOperador, idHorario)  
        VALUES (11,6);
INSERT INTO HorarioOperadorPosto (idOperador, idHorario)  
        VALUES (11,8);
INSERT INTO HorarioOperadorPosto (idOperador, idHorario)  
        VALUES (11,9);
INSERT INTO HorarioOperadorPosto (idOperador, idHorario)  
        VALUES (12,7);
INSERT INTO HorarioOperadorPosto (idOperador, idHorario)  
        VALUES (12,9);
INSERT INTO HorarioOperadorPosto (idOperador, idHorario)  
        VALUES (13,8);
INSERT INTO HorarioOperadorPosto (idOperador, idHorario)  
        VALUES (13,9);
INSERT INTO HorarioOperadorPosto (idOperador, idHorario)  
        VALUES (14,9);
INSERT INTO HorarioOperadorPosto (idOperador, idHorario)  
        VALUES (14,3);
INSERT INTO HorarioOperadorPosto (idOperador, idHorario)  
        VALUES (14,2);
INSERT INTO HorarioOperadorPosto (idOperador, idHorario)  
        VALUES (15,1);
INSERT INTO HorarioOperadorPosto (idOperador, idHorario)  
        VALUES (15,5);
INSERT INTO HorarioOperadorPosto (idOperador, idHorario)  
        VALUES (15,4);
INSERT INTO HorarioOperadorPosto (idOperador, idHorario)  
        VALUES (16,2);
INSERT INTO HorarioOperadorPosto (idOperador, idHorario)  
        VALUES (16,3);
INSERT INTO HorarioOperadorPosto (idOperador, idHorario)  
        VALUES (17,3);
INSERT INTO HorarioOperadorPosto (idOperador, idHorario)  
        VALUES (17,4);
INSERT INTO HorarioOperadorPosto (idOperador, idHorario)  
        VALUES (17,5);
INSERT INTO HorarioOperadorPosto (idOperador, idHorario)  
        VALUES (18,4);
INSERT INTO HorarioOperadorPosto (idOperador, idHorario)  
        VALUES (18,5);
INSERT INTO HorarioOperadorPosto (idOperador, idHorario)  
        VALUES (19,5);
INSERT INTO HorarioOperadorPosto (idOperador, idHorario)  
        VALUES (19,6);
INSERT INTO HorarioOperadorPosto (idOperador, idHorario)  
        VALUES (20,6);
INSERT INTO HorarioOperadorPosto (idOperador, idHorario)  
        VALUES (20,7);
INSERT INTO HorarioOperadorPosto (idOperador, idHorario)  
        VALUES (20,9);
INSERT INTO HorarioOperadorPosto (idOperador, idHorario)  
        VALUES (21,7);
INSERT INTO HorarioOperadorPosto (idOperador, idHorario)  
        VALUES (21,8);
INSERT INTO HorarioOperadorPosto (idOperador, idHorario)  
        VALUES (22,8);
INSERT INTO HorarioOperadorPosto (idOperador, idHorario)  
        VALUES (22,9);

--Table Rota
INSERT INTO Rota (idRota) VALUES (1);
INSERT INTO Rota (idRota) VALUES (2);
INSERT INTO Rota (idRota) VALUES (3);
INSERT INTO Rota (idRota) VALUES (4);
INSERT INTO Rota (idRota) VALUES (5);
INSERT INTO Rota (idRota) VALUES (6);

--Table PostoPertenceRota
INSERT INTO PostoPertenceRota (idRota, idPostoEntrega, lugarNaOrdem) 
        VALUES (1, 9, 1);
INSERT INTO PostoPertenceRota (idRota, idPostoEntrega, lugarNaOrdem) 
        VALUES (1, 5, 2);
INSERT INTO PostoPertenceRota (idRota, idPostoEntrega, lugarNaOrdem) 
         VALUES (1, 10, 3);
INSERT INTO PostoPertenceRota (idRota, idPostoEntrega, lugarNaOrdem) 
        VALUES (2, 3, 1);
INSERT INTO PostoPertenceRota (idRota, idPostoEntrega, lugarNaOrdem) 
        VALUES (2, 4, 2);
INSERT INTO PostoPertenceRota (idRota, idPostoEntrega, lugarNaOrdem) 
        VALUES (2, 5, 3);
INSERT INTO PostoPertenceRota (idRota, idPostoEntrega, lugarNaOrdem) 
        VALUES (2, 3, 4);
INSERT INTO PostoPertenceRota (idRota, idPostoEntrega, lugarNaOrdem) 
        VALUES (3, 6, 1);
INSERT INTO PostoPertenceRota (idRota, idPostoEntrega, lugarNaOrdem) 
        VALUES (3, 8, 2);
INSERT INTO PostoPertenceRota (idRota, idPostoEntrega, lugarNaOrdem) 
        VALUES (4, 6, 1);
INSERT INTO PostoPertenceRota (idRota, idPostoEntrega, lugarNaOrdem)  
        VALUES (4, 1, 2);
INSERT INTO PostoPertenceRota (idRota, idPostoEntrega, lugarNaOrdem)  
        VALUES (4, 2, 3);
INSERT INTO PostoPertenceRota (idRota, idPostoEntrega, lugarNaOrdem) 
        VALUES (5, 7, 1);
INSERT INTO PostoPertenceRota (idRota, idPostoEntrega, lugarNaOrdem)  
        VALUES (5, 2, 2);
INSERT INTO PostoPertenceRota (idRota, idPostoEntrega, lugarNaOrdem)  
        VALUES (5, 5, 3);
INSERT INTO PostoPertenceRota (idRota, idPostoEntrega, lugarNaOrdem)  
        VALUES (5, 10, 4);
INSERT INTO PostoPertenceRota (idRota, idPostoEntrega, lugarNaOrdem)  
        VALUES (6, 8, 1);
INSERT INTO PostoPertenceRota (idRota, idPostoEntrega, lugarNaOrdem)  
        VALUES (6, 4, 2);
INSERT INTO PostoPertenceRota (idRota, idPostoEntrega, lugarNaOrdem)  
        VALUES (6, 3, 3);

--Table Condutor
INSERT INTO Condutor (idCondutor) 
        VALUES (23);
INSERT INTO Condutor (idCondutor) 
        VALUES (24);
INSERT INTO Condutor (idCondutor) 
        VALUES (25);
INSERT INTO Condutor (idCondutor) 
        VALUES (26);
INSERT INTO Condutor (idCondutor) 
        VALUES (27);
INSERT INTO Condutor (idCondutor) 
        VALUES (28);
INSERT INTO Condutor (idCondutor) 
        VALUES (29);
INSERT INTO Condutor (idCondutor) 
        VALUES (30);

--Table Categoria
INSERT INTO Categoria (idCategoria, tipoCategoria) 
        VALUES (1,'CE');
INSERT INTO Categoria (idCategoria, tipoCategoria) 
        VALUES (2,'B1');
INSERT INTO Categoria (idCategoria, tipoCategoria) 
        VALUES (3,'BE');
INSERT INTO Categoria (idCategoria, tipoCategoria) 
        VALUES (4,'C1');
INSERT INTO Categoria (idCategoria, tipoCategoria) 
        VALUES (5,'C1E');
INSERT INTO Categoria (idCategoria, tipoCategoria) 
        VALUES (6,'C');

--Table PodeConduzir
INSERT INTO PodeConduzir (idCondutor, idCategoria) 
        VALUES (23, 1);
INSERT INTO PodeConduzir (idCondutor, idCategoria) 
        VALUES (23, 6);
INSERT INTO PodeConduzir (idCondutor, idCategoria) 
        VALUES (24, 2);
INSERT INTO PodeConduzir (idCondutor, idCategoria) 
        VALUES (25, 3);
INSERT INTO PodeConduzir (idCondutor, idCategoria) 
        VALUES (25, 6);
INSERT INTO PodeConduzir (idCondutor, idCategoria) 
        VALUES (26, 5);
INSERT INTO PodeConduzir (idCondutor, idCategoria) 
        VALUES (27, 3);
INSERT INTO PodeConduzir (idCondutor, idCategoria) 
        VALUES (27, 4);
INSERT INTO PodeConduzir (idCondutor, idCategoria) 
        VALUES (28, 4);
INSERT INTO PodeConduzir (idCondutor, idCategoria) 
        VALUES (29, 5);
INSERT INTO PodeConduzir (idCondutor, idCategoria) 
        VALUES (30, 1);
INSERT INTO PodeConduzir (idCondutor, idCategoria) 
        VALUES (30, 6);

--Table Carro
INSERT INTO Carro (idCarro, matricula, marca, quilometros, idCategoria) 
        VALUES (1, '33HI63', 'Volvo', 1000, 1);
INSERT INTO Carro (idCarro, matricula, marca, quilometros, idCategoria) 
        VALUES (2, '78FJ90', 'MAN', 40000, 6);
INSERT INTO Carro (idCarro, matricula, marca, quilometros, idCategoria) 
        VALUES (3, '57VZ60', 'IVECO', 23648, 6);
INSERT INTO Carro (idCarro, matricula, marca, quilometros, idCategoria) 
        VALUES (4, 'EH74PG', 'Scania', 75214, 5);
INSERT INTO Carro (idCarro, matricula, marca, quilometros, idCategoria) 
        VALUES (5, 'SJ32LU', 'DAF', 6253, 5);
INSERT INTO Carro (idCarro, matricula, marca, quilometros, idCategoria) 
        VALUES (6, '25SV64', 'KIA', 1497, 4);  
INSERT INTO Carro (idCarro, matricula, marca, quilometros, idCategoria) 
        VALUES (7, '42TT42', 'IVECO', 6543,6);  
INSERT INTO Carro (idCarro, matricula, marca, quilometros, idCategoria) 
        VALUES (8, '01MM34', 'Volvo', 7872, 3);  
INSERT INTO Carro (idCarro, matricula, marca, quilometros, idCategoria) 
        VALUES (9, 'PO0923', 'Renault', 13456, 2);  
INSERT INTO Carro (idCarro, matricula, marca, quilometros, idCategoria) 
        VALUES (10, 'LO98MN', 'MAN', 56473, 4); 

--Table Viagem
INSERT INTO Viagem (idViagem, idRota, idCarro, idCondutor, idHorario) 
        VALUES (1,1,2,23,10);
INSERT INTO Viagem (idViagem, idRota, idCarro, idCondutor, idHorario) 
        VALUES (2,2,1,23,11);
INSERT INTO Viagem (idViagem, idRota, idCarro, idCondutor, idHorario)
        VALUES (3,3,9,24,12);
INSERT INTO Viagem (idViagem, idRota, idCarro, idCondutor, idHorario) 
        VALUES (4,4,8,25,13);
INSERT INTO Viagem (idViagem, idRota, idCarro, idCondutor, idHorario) 
        VALUES (5,5,4,29,14);
INSERT INTO Viagem (idViagem, idRota, idCarro, idCondutor, idHorario) 
        VALUES (6,6,6,27,15);
INSERT INTO Viagem (idViagem, idRota, idCarro, idCondutor, idHorario) 
        VALUES (7,1,7,25,12);
INSERT INTO Viagem (idViagem, idRota, idCarro, idCondutor, idHorario) 
        VALUES (8,2,1,30,13);
INSERT INTO Viagem (idViagem, idRota, idCarro, idCondutor, idHorario) 
        VALUES (9,3,3,30,14);
INSERT INTO Viagem (idViagem, idRota, idCarro, idCondutor, idHorario) 
        VALUES (10,4,8,27,12);
INSERT INTO Viagem (idViagem, idRota, idCarro, idCondutor, idHorario) 
        VALUES (11,5,5,26,10);
INSERT INTO Viagem (idViagem, idRota, idCarro, idCondutor, idHorario) 
        VALUES (12,6,10,28,11);

--Table Encomenda
INSERT INTO Encomenda (idEncomenda, dataPedido, idPostoRecolha, idPostoEntrega, idViagem, idCliente) 
        VALUES (1,'2021-12-05',9,5,1,3);
INSERT INTO Encomenda (idEncomenda, dataPedido, idPostoRecolha, idPostoEntrega, idViagem, idCliente) 
        VALUES (2,'2021-11-28',8,3,12,2);
INSERT INTO Encomenda (idEncomenda, dataPedido, idPostoRecolha, idPostoEntrega, idViagem, idCliente) 
        VALUES (3,'2021-12-04',6,8,3,1);
INSERT INTO Encomenda (idEncomenda, dataPedido, idPostoRecolha, idPostoEntrega, idViagem, idCliente) 
        VALUES (4,'2021-11-25',7,5,5,2);
INSERT INTO Encomenda (idEncomenda, dataPedido, idPostoRecolha, idPostoEntrega, idViagem, idCliente) 
        VALUES (5,'2021-11-15',3,5,2,5);
INSERT INTO Encomenda (idEncomenda, dataPedido, idPostoRecolha, idPostoEntrega, idViagem, idCliente) 
        VALUES (6,'2021-12-01',8,3,6,4);
INSERT INTO Encomenda (idEncomenda, dataPedido, idPostoRecolha, idPostoEntrega, idViagem, idCliente) 
        VALUES (7,'2021-11-29',6,1,4,1);
INSERT INTO Encomenda (idEncomenda, dataPedido, idPostoRecolha, idPostoEntrega, idViagem, idCliente) 
        VALUES (8,'2021-11-25',5,10,7,3);
INSERT INTO Encomenda (idEncomenda, dataPedido, idPostoRecolha, idPostoEntrega, idViagem, idCliente) 
        VALUES (9,'2021-12-02',6,8,9,4);
INSERT INTO Encomenda (idEncomenda, dataPedido, idPostoRecolha, idPostoEntrega, idViagem, idCliente) 
        VALUES (10,'2021-12-03',9,10,1,3);
INSERT INTO Encomenda (idEncomenda, dataPedido, idPostoRecolha, idPostoEntrega, idViagem, idCliente) 
        VALUES (11,'2021-11-20',4,3,12,5);
INSERT INTO Encomenda (idEncomenda, dataPedido, idPostoRecolha, idPostoEntrega, idViagem, idCliente) 
        VALUES (12,'2021-11-28',2,10,5,1);
INSERT INTO Encomenda (idEncomenda, dataPedido, idPostoRecolha, idPostoEntrega, idViagem, idCliente) 
        VALUES (13,'2021-12-04',4,3,8,2);
INSERT INTO Encomenda (idEncomenda, dataPedido, idPostoRecolha, idPostoEntrega, idViagem, idCliente) 
        VALUES (14,'2021-11-25',7,10,11,5);
INSERT INTO Encomenda (idEncomenda, dataPedido, idPostoRecolha, idPostoEntrega, idViagem, idCliente) 
        VALUES (15,'2021-11-15',4,5,2,3);
INSERT INTO Encomenda (idEncomenda, dataPedido, idPostoRecolha, idPostoEntrega, idViagem, idCliente) 
        VALUES (16,'2021-12-01',6,8,3,4);
INSERT INTO Encomenda (idEncomenda, dataPedido, idPostoRecolha, idPostoEntrega, idViagem, idCliente) 
        VALUES (17,'2021-11-29',8,4,6,1);
INSERT INTO Encomenda (idEncomenda, dataPedido, idPostoRecolha, idPostoEntrega, idViagem, idCliente) 
        VALUES (18,'2021-11-25',1,2,4,5);
INSERT INTO Encomenda (idEncomenda, dataPedido, idPostoRecolha, idPostoEntrega, idViagem, idCliente) 
        VALUES (19,'2021-12-02',6,2,10,4);
INSERT INTO Encomenda (idEncomenda, dataPedido, idPostoRecolha, idPostoEntrega, idViagem, idCliente) 
        VALUES (20,'2021-12-03',2,5,11,2);

--Table Caixa
INSERT INTO Caixa (idCaixa, volume, peso, idEncomenda)
        VALUES (1, 3, 2, 1);
INSERT INTO Caixa (idCaixa, volume, peso, idEncomenda)
        VALUES (2, 1, 2, 1);
INSERT INTO Caixa (idCaixa, volume, peso, idEncomenda)
        VALUES (3, 2, 3, 1);
INSERT INTO Caixa (idCaixa, volume, peso, idEncomenda)
        VALUES (4, 5, 4, 2);
INSERT INTO Caixa (idCaixa, volume, peso, idEncomenda)
        VALUES (5, 3, 2, 3);
INSERT INTO Caixa (idCaixa, volume, peso, idEncomenda)
        VALUES (6, 1, 2, 4);
INSERT INTO Caixa (idCaixa, volume, peso, idEncomenda)
        VALUES (7, 3, 3, 5);
INSERT INTO Caixa (idCaixa, volume, peso, idEncomenda)
        VALUES (8, 2, 1, 5);
INSERT INTO Caixa (idCaixa, volume, peso, idEncomenda)
        VALUES (9, 2, 2, 6);
INSERT INTO Caixa (idCaixa, volume, peso, idEncomenda)
        VALUES (10, 4, 3, 7);
INSERT INTO Caixa (idCaixa, volume, peso, idEncomenda)
        VALUES (11, 1, 2, 8);
INSERT INTO Caixa (idCaixa, volume, peso, idEncomenda)
        VALUES (12, 4, 5, 8);
INSERT INTO Caixa (idCaixa, volume, peso, idEncomenda)
        VALUES (13, 3, 3, 9);
INSERT INTO Caixa (idCaixa, volume, peso, idEncomenda)
        VALUES (14, 2, 3, 10);
INSERT INTO Caixa (idCaixa, volume, peso, idEncomenda)
        VALUES (15, 5, 4, 11);
INSERT INTO Caixa (idCaixa, volume, peso, idEncomenda)
        VALUES (16, 3, 1, 12);
INSERT INTO Caixa (idCaixa, volume, peso, idEncomenda)
        VALUES (17, 2, 2, 13);
INSERT INTO Caixa (idCaixa, volume, peso, idEncomenda)
        VALUES (18, 2, 1, 14);
INSERT INTO Caixa (idCaixa, volume, peso, idEncomenda)
        VALUES (19, 3, 2, 15);
INSERT INTO Caixa (idCaixa, volume, peso, idEncomenda)
        VALUES (20, 4, 5, 16);
INSERT INTO Caixa (idCaixa, volume, peso, idEncomenda)
        VALUES (21, 5, 4, 17);
INSERT INTO Caixa (idCaixa, volume, peso, idEncomenda)
        VALUES (22, 3, 5, 17);
INSERT INTO Caixa (idCaixa, volume, peso, idEncomenda)
        VALUES (23, 2, 4, 17);
INSERT INTO Caixa (idCaixa, volume, peso, idEncomenda)
        VALUES (24, 1, 2, 17);
INSERT INTO Caixa (idCaixa, volume, peso, idEncomenda)
        VALUES (25, 4, 1, 18);
INSERT INTO Caixa (idCaixa, volume, peso, idEncomenda)
        VALUES (26, 3, 2, 19);
INSERT INTO Caixa (idCaixa, volume, peso, idEncomenda)
        VALUES (27, 5, 3, 19);
INSERT INTO Caixa (idCaixa, volume, peso, idEncomenda)
        VALUES (28, 3, 3, 20);
INSERT INTO Caixa (idCaixa, volume, peso, idEncomenda)
        VALUES (29, 2, 2, 20);